STATE/UT,1/30/2020,2/1/2020,2/2/2020,2/3/2020,2/4/2020,2/5/2020,2/6/2020,2/7/2020,2/8/2020,2/9/2020,2/10/2020,2/11/2020,2/12/2020,2/13/2020,2/14/2020,2/15/2020,2/16/2020,2/17/2020,2/18/2020,2/19/2020,2/20/2020,2/21/2020,2/22/2020,2/23/2020,2/24/2020,2/25/2020,2/26/2020,2/27/2020,2/28/2020,2/29/2020,3/1/2020,3/2/2020,3/3/2020,3/4/2020,3/5/2020,3/6/2020,3/7/2020,3/8/2020,3/9/2020,3/10/2020,3/11/2020,3/12/2020,3/13/2020,3/14/2020,3/15/2020,3/16/2020,3/17/2020,3/18/2020,3/19/2020,3/20/2020,3/21/2020,3/22/2020,3/23/2020,3/24/2020,3/25/2020,3/26/2020,3/27/2020,3/28/2020,3/29/2020,3/30/2020,3/31/2020,4/1/2020,4/2/2020,4/3/2020,4/4/2020,4/5/2020,4/6/2020,4/7/2020,4/8/2020,4/9/2020,4/10/2020,4/11/2020,4/12/2020,4/13/2020,4/14/2020,4/15/2020,4/16/2020,4/17/2020,4/18/2020,4/19/2020,4/20/2020,4/21/2020,4/22/2020,4/23/2020,4/24/2020,4/25/2020,4/26/2020,4/27/2020,4/28/2020,4/29/2020,4/30/2020,5/1/2020,5/2/2020,5/3/2020,5/4/2020,5/5/2020,5/6/2020,5/7/2020,5/8/2020,5/9/2020,5/10/2020,5/11/2020,5/12/2020,5/13/2020,5/14/2020,5/15/2020,5/16/2020,5/17/2020,5/18/2020,5/19/2020,5/20/2020,5/21/2020,5/22/2020,5/23/2020,5/24/2020,5/25/2020,5/26/2020,5/27/2020,5/28/2020,5/29/2020,5/30/2020,5/31/2020,6/1/2020,6/2/2020,6/3/2020,6/4/2020,6/5/2020,6/6/2020,6/7/2020,6/8/2020,6/9/2020,6/10/2020,6/11/2020,6/12/2020,6/13/2020,6/14/2020,6/15/2020,6/16/2020,6/17/2020,6/18/2020,6/19/2020,6/20/2020,6/21/2020,6/22/2020,6/23/2020,6/24/2020,6/25/2020,6/26/2020,6/27/2020,6/28/2020,6/29/2020,6/30/2020,7/1/2020,7/2/2020,7/3/2020,7/4/2020,7/5/2020,7/6/2020,7/7/2020,7/8/2020,7/9/2020,7/10/2020,7/11/2020,7/12/2020,7/13/2020,7/14/2020,7/15/2020,7/16/2020,7/17/2020,7/18/2020,7/19/2020,7/20/2020,7/21/2020,7/22/2020,7/23/2020,7/24/2020,7/25/2020,7/26/2020
Andaman and Nicobar Islands,0,0.0,0.0,0.0,0.0,0.0,0.0,0.0,0.0,0.0,0.0,0.0,0.0,0.0,0.0,0.0,0.0,0.0,0.0,0.0,0.0,0.0,0.0,0.0,0.0,0.0,0.0,0.0,0.0,0.0,0.0,0.0,0.0,0.0,0.0,0.0,0.0,0.0,0.0,0.0,0.0,0.0,0.0,0.0,0.0,0.0,0.0,0.0,0.0,0.0,0.0,0.0,0.0,0.0,0.0,1.0,5.0,3.0,0.0,1.0,0.0,0.0,0.0,0.0,0.0,0.0,0.0,0.0,1.0,0.0,0.0,0.0,0.0,0.0,0.0,0.0,0.0,1.0,2.0,1.0,1.0,1.0,1.0,4.0,7.0,4.0,0.0,0.0,0.0,0.0,0.0,0.0,0.0,0.0,0.0,0.0,0.0,0.0,0.0,0.0,0.0,0.0,0.0,0.0,0.0,0.0,0.0,0.0,0.0,0.0,0.0,0.0,0.0,0.0,0.0,0.0,0.0,0.0,0.0,0.0,0.0,0.0,0.0,0.0,0.0,0.0,0.0,0.0,0.0,0.0,0.0,2.0,3.0,0.0,0.0,2.0,1.0,3.0,0.0,1.0,2.0,0.0,1.0,0.0,2.0,6.0,2.0,14.0,0.0,11.0,7.0,7.0,3.0,9.0,7.0,3.0,6.0,16.0,6.0,2.0,7.0,0.0,7.0,0.0,3.0,5.0,5.0,4.0,0.0,0.0,23.0,0.0,5.0,9.0,19.0,19.0,31.0,28.0
Andhra Pradesh,0,0.0,0.0,0.0,0.0,0.0,0.0,0.0,0.0,0.0,0.0,0.0,0.0,0.0,0.0,0.0,0.0,0.0,0.0,0.0,0.0,0.0,0.0,0.0,0.0,0.0,0.0,0.0,0.0,0.0,0.0,0.0,0.0,0.0,0.0,0.0,0.0,0.0,0.0,0.0,0.0,1.0,0.0,0.0,0.0,0.0,0.0,0.0,2.0,0.0,2.0,1.0,1.0,1.0,2.0,1.0,2.0,6.0,2.0,2.0,21.0,67.0,38.0,15.0,28.0,64.0,47.0,11.0,34.0,15.0,18.0,24.0,15.0,19.0,45.0,41.0,9.0,38.0,31.0,44.0,75.0,35.0,56.0,80.0,62.0,61.0,81.0,80.0,82.0,73.0,71.0,60.0,62.0,58.0,67.0,67.0,60.0,56.0,54.0,43.0,50.0,38.0,71.0,48.0,68.0,102.0,48.0,25.0,52.0,57.0,71.0,45.0,62.0,47.0,66.0,106.0,97.0,134.0,128.0,85.0,131.0,110.0,105.0,115.0,180.0,141.0,141.0,207.0,199.0,154.0,216.0,218.0,182.0,207.0,222.0,294.0,304.0,264.0,351.0,425.0,465.0,491.0,477.0,443.0,462.0,497.0,553.0,605.0,796.0,813.0,793.0,704.0,657.0,845.0,837.0,765.0,998.0,1322.0,1178.0,1062.0,1555.0,1608.0,1813.0,1933.0,1935.0,1916.0,2432.0,2593.0,2602.0,3963.0,5041.0,4074.0,4944.0,6045.0,7998.0,8147.0,7813.0,7627.0
Arunachal Pradesh,0,0.0,0.0,0.0,0.0,0.0,0.0,0.0,0.0,0.0,0.0,0.0,0.0,0.0,0.0,0.0,0.0,0.0,0.0,0.0,0.0,0.0,0.0,0.0,0.0,0.0,0.0,0.0,0.0,0.0,0.0,0.0,0.0,0.0,0.0,0.0,0.0,0.0,0.0,0.0,0.0,0.0,0.0,0.0,0.0,0.0,0.0,0.0,0.0,0.0,0.0,0.0,0.0,0.0,0.0,0.0,0.0,0.0,0.0,0.0,0.0,0.0,1.0,0.0,0.0,0.0,0.0,0.0,0.0,0.0,0.0,0.0,0.0,0.0,0.0,0.0,0.0,0.0,0.0,0.0,0.0,0.0,0.0,0.0,0.0,0.0,0.0,0.0,0.0,0.0,0.0,0.0,0.0,0.0,0.0,0.0,0.0,0.0,0.0,0.0,0.0,0.0,0.0,0.0,0.0,0.0,0.0,0.0,0.0,0.0,0.0,0.0,0.0,0.0,1.0,0.0,0.0,0.0,1.0,0.0,1.0,0.0,16.0,8.0,9.0,5.0,5.0,1.0,2.0,7.0,0.0,4.0,6.0,13.0,11.0,3.0,4.0,4.0,4.0,0.0,32.0,0.0,1.0,9.0,10.0,2.0,12.0,2.0,3.0,5.0,5.0,4.0,4.0,37.0,20.0,7.0,10.0,1.0,6.0,11.0,15.0,33.0,6.0,19.0,27.0,75.0,29.0,52.0,66.0,41.0,90.0,0.0,118.0,91.0,42.0,65.0,70.0,32.0
Assam,0,0.0,0.0,0.0,0.0,0.0,0.0,0.0,0.0,0.0,0.0,0.0,0.0,0.0,0.0,0.0,0.0,0.0,0.0,0.0,0.0,0.0,0.0,0.0,0.0,0.0,0.0,0.0,0.0,0.0,0.0,0.0,0.0,0.0,0.0,0.0,0.0,0.0,0.0,0.0,0.0,0.0,0.0,0.0,0.0,0.0,0.0,0.0,0.0,0.0,0.0,0.0,0.0,0.0,0.0,0.0,0.0,0.0,0.0,0.0,1.0,15.0,0.0,7.0,3.0,0.0,0.0,2.0,0.0,1.0,0.0,0.0,1.0,2.0,1.0,0.0,2.0,0.0,0.0,0.0,0.0,0.0,0.0,1.0,0.0,0.0,0.0,0.0,2.0,0.0,5.0,0.0,0.0,0.0,0.0,2.0,1.0,8.0,6.0,2.0,1.0,2.0,0.0,15.0,7.0,3.0,3.0,8.0,15.0,42.0,31.0,22.0,15.0,121.0,46.0,156.0,134.0,101.0,97.0,177.0,159.0,123.0,146.0,76.0,269.0,285.0,285.0,73.0,208.0,154.0,215.0,235.0,145.0,263.0,207.0,218.0,191.0,201.0,184.0,209.0,0.0,249.0,331.0,267.0,203.0,227.0,364.0,273.0,246.0,327.0,302.0,613.0,548.0,479.0,365.0,1202.0,735.0,786.0,814.0,696.0,568.0,936.0,535.0,735.0,1001.0,859.0,1088.0,892.0,1218.0,1117.0,1018.0,0.0,2773.0,972.0,1047.0,1130.0,1165.0,1142.0
Bihar,0,0.0,0.0,0.0,0.0,0.0,0.0,0.0,0.0,0.0,0.0,0.0,0.0,0.0,0.0,0.0,0.0,0.0,0.0,0.0,0.0,0.0,0.0,0.0,0.0,0.0,0.0,0.0,0.0,0.0,0.0,0.0,0.0,0.0,0.0,0.0,0.0,0.0,0.0,0.0,0.0,0.0,0.0,0.0,0.0,0.0,0.0,0.0,0.0,0.0,0.0,2.0,1.0,0.0,1.0,3.0,2.0,2.0,4.0,0.0,6.0,3.0,5.0,2.0,1.0,0.0,0.0,6.0,1.0,19.0,2.0,4.0,0.0,2.0,0.0,6.0,11.0,2.0,1.0,10.0,17.0,13.0,17.0,27.0,53.0,28.0,26.0,69.0,20.0,37.0,22.0,41.0,15.0,36.0,11.0,7.0,7.0,8.0,29.0,32.0,96.0,42.0,130.0,74.0,46.0,34.0,145.0,142.0,103.0,96.0,257.0,211.0,179.0,228.0,180.0,163.0,231.0,68.0,149.0,174.0,206.0,242.0,138.0,151.0,230.0,126.0,126.0,253.0,239.0,177.0,208.0,243.0,250.0,148.0,193.0,186.0,187.0,148.0,130.0,100.0,250.0,213.0,162.0,228.0,157.0,223.0,215.0,190.0,302.0,244.0,394.0,370.0,216.0,478.0,429.0,346.0,403.0,280.0,385.0,749.0,704.0,352.0,709.0,1266.0,1116.0,1432.0,1320.0,1385.0,1742.0,1667.0,1412.0,1076.0,1109.0,1502.0,1625.0,1820.0,2803.0,2605.0
Chandigarh,0,0.0,0.0,0.0,0.0,0.0,0.0,0.0,0.0,0.0,0.0,0.0,0.0,0.0,0.0,0.0,0.0,0.0,0.0,0.0,0.0,0.0,0.0,0.0,0.0,0.0,0.0,0.0,0.0,0.0,0.0,0.0,0.0,0.0,0.0,0.0,0.0,0.0,0.0,0.0,0.0,0.0,0.0,0.0,0.0,0.0,0.0,0.0,1.0,4.0,0.0,1.0,1.0,0.0,0.0,0.0,1.0,0.0,0.0,5.0,2.0,2.0,1.0,0.0,0.0,0.0,0.0,0.0,0.0,0.0,1.0,0.0,2.0,0.0,0.0,0.0,0.0,0.0,2.0,3.0,0.0,1.0,0.0,0.0,0.0,1.0,8.0,9.0,11.0,12.0,6.0,14.0,6.0,3.0,5.0,17.0,5.0,11.0,11.0,23.0,4.0,8.0,6.0,4.0,0.0,0.0,0.0,0.0,5.0,3.0,3.0,16.0,1.0,6.0,37.0,4.0,12.0,1.0,10.0,0.0,0.0,4.0,4.0,4.0,0.0,1.0,1.0,9.0,3.0,5.0,6.0,2.0,4.0,13.0,5.0,2.0,5.0,8.0,5.0,4.0,7.0,9.0,16.0,5.0,7.0,2.0,3.0,2.0,3.0,3.0,3.0,6.0,6.0,4.0,4.0,5.0,7.0,21.0,5.0,15.0,16.0,13.0,13.0,10.0,29.0,12.0,19.0,16.0,25.0,31.0,26.0,20.0,14.0,29.0,20.0,23.0,29.0,35.0
Chhattisgarh,0,0.0,0.0,0.0,0.0,0.0,0.0,0.0,0.0,0.0,0.0,0.0,0.0,0.0,0.0,0.0,0.0,0.0,0.0,0.0,0.0,0.0,0.0,0.0,0.0,0.0,0.0,0.0,0.0,0.0,0.0,0.0,0.0,0.0,0.0,0.0,0.0,0.0,0.0,0.0,0.0,0.0,0.0,0.0,0.0,0.0,0.0,0.0,1.0,0.0,0.0,0.0,0.0,0.0,2.0,3.0,0.0,1.0,0.0,1.0,1.0,0.0,0.0,0.0,1.0,0.0,0.0,0.0,0.0,8.0,0.0,7.0,6.0,0.0,2.0,0.0,3.0,0.0,0.0,0.0,0.0,0.0,0.0,0.0,0.0,1.0,0.0,0.0,1.0,0.0,2.0,3.0,0.0,14.0,1.0,1.0,0.0,0.0,0.0,0.0,0.0,0.0,0.0,0.0,1.0,6.0,1.0,18.0,10.0,5.0,14.0,14.0,44.0,42.0,38.0,40.0,68.0,4.0,34.0,17.0,32.0,51.0,50.0,16.0,62.0,147.0,147.0,3.0,150.0,124.0,14.0,51.0,136.0,47.0,105.0,112.0,53.0,69.0,80.0,82.0,72.0,116.0,121.0,47.0,83.0,34.0,37.0,89.0,57.0,92.0,101.0,63.0,82.0,73.0,52.0,96.0,46.0,98.0,110.0,111.0,140.0,166.0,65.0,184.0,184.0,114.0,177.0,198.0,249.0,243.0,161.0,191.0,133.0,268.0,371.0,449.0,363.0,431.0
Dadra and Nagar Haveli,0,0.0,0.0,0.0,0.0,0.0,0.0,0.0,0.0,0.0,0.0,0.0,0.0,0.0,0.0,0.0,0.0,0.0,0.0,0.0,0.0,0.0,0.0,0.0,0.0,0.0,0.0,0.0,0.0,0.0,0.0,0.0,0.0,0.0,0.0,0.0,0.0,0.0,0.0,0.0,0.0,0.0,0.0,0.0,0.0,0.0,0.0,0.0,0.0,0.0,0.0,0.0,0.0,0.0,0.0,0.0,0.0,0.0,0.0,0.0,0.0,0.0,0.0,0.0,0.0,0.0,0.0,0.0,0.0,0.0,0.0,0.0,0.0,0.0,0.0,0.0,0.0,0.0,0.0,0.0,0.0,0.0,0.0,0.0,0.0,0.0,0.0,0.0,0.0,0.0,0.0,0.0,0.0,0.0,0.0,1.0,0.0,0.0,0.0,0.0,0.0,0.0,0.0,0.0,0.0,0.0,0.0,0.0,0.0,0.0,0.0,0.0,0.0,1.0,0.0,0.0,0.0,0.0,0.0,0.0,0.0,0.0,1.0,0.0,8.0,3.0,3.0,2.0,1.0,2.0,0.0,5.0,1.0,2.0,1.0,5.0,3.0,15.0,5.0,1.0,14.0,14.0,10.0,4.0,19.0,15.0,11.0,24.0,15.0,4.0,15.0,10.0,16.0,25.0,50.0,37.0,32.0,27.0,15.0,27.0,14.0,14.0,12.0,18.0,25.0,16.0,17.0,18.0,32.0,45.0,37.0,21.0,28.0,36.0,45.0,44.0,37.0,49.0
Daman and Diu,0,0.0,0.0,0.0,0.0,0.0,0.0,0.0,0.0,0.0,0.0,0.0,0.0,0.0,0.0,0.0,0.0,0.0,0.0,0.0,0.0,0.0,0.0,0.0,0.0,0.0,0.0,0.0,0.0,0.0,0.0,0.0,0.0,0.0,0.0,0.0,0.0,0.0,0.0,0.0,0.0,0.0,0.0,0.0,0.0,0.0,0.0,0.0,0.0,0.0,0.0,0.0,0.0,0.0,0.0,0.0,0.0,0.0,0.0,0.0,0.0,0.0,0.0,0.0,0.0,0.0,0.0,0.0,0.0,0.0,0.0,0.0,0.0,0.0,0.0,0.0,0.0,0.0,0.0,0.0,0.0,0.0,0.0,0.0,0.0,0.0,0.0,0.0,0.0,0.0,0.0,0.0,0.0,0.0,0.0,0.0,0.0,0.0,0.0,0.0,0.0,0.0,0.0,0.0,0.0,0.0,0.0,0.0,0.0,0.0,0.0,0.0,0.0,0.0,0.0,0.0,0.0,0.0,0.0,0.0,0.0,0.0,0.0,0.0,0.0,0.0,0.0,0.0,0.0,0.0,0.0,0.0,0.0,0.0,0.0,0.0,0.0,0.0,0.0,0.0,0.0,0.0,0.0,0.0,0.0,0.0,0.0,0.0,0.0,0.0,0.0,0.0,0.0,0.0,0.0,0.0,0.0,0.0,0.0,0.0,0.0,0.0,0.0,0.0,0.0,0.0,0.0,0.0,0.0,0.0,0.0,0.0,0.0,0.0,0.0,0.0,0.0,0.0
Delhi,0,0.0,0.0,0.0,0.0,0.0,0.0,0.0,0.0,0.0,0.0,0.0,0.0,0.0,0.0,0.0,0.0,0.0,0.0,0.0,0.0,0.0,0.0,0.0,0.0,0.0,0.0,0.0,0.0,0.0,0.0,1.0,0.0,0.0,1.0,1.0,0.0,0.0,1.0,0.0,1.0,1.0,1.0,0.0,0.0,0.0,1.0,2.0,4.0,6.0,7.0,0.0,3.0,0.0,5.0,1.0,4.0,9.0,23.0,25.0,23.0,32.0,141.0,93.0,59.0,58.0,22.0,51.0,93.0,51.0,183.0,166.0,85.0,356.0,51.0,17.0,62.0,67.0,186.0,110.0,78.0,75.0,92.0,128.0,138.0,111.0,293.0,190.0,206.0,125.0,76.0,223.0,384.0,427.0,349.0,206.0,428.0,448.0,338.0,224.0,381.0,310.0,406.0,359.0,472.0,425.0,438.0,422.0,299.0,500.0,534.0,571.0,660.0,591.0,508.0,635.0,412.0,792.0,1024.0,1105.0,1163.0,1295.0,990.0,1298.0,1513.0,1359.0,1359.0,1291.0,1282.0,1007.0,0.0,2867.0,1877.0,2137.0,2134.0,2224.0,1647.0,1859.0,2414.0,2877.0,3137.0,3630.0,3000.0,2909.0,3947.0,3788.0,3390.0,3460.0,2948.0,2889.0,2084.0,2199.0,2442.0,2373.0,2520.0,2505.0,2244.0,1379.0,2008.0,2033.0,2187.0,2089.0,1781.0,1573.0,1246.0,1606.0,1647.0,1652.0,1462.0,1475.0,1211.0,954.0,1349.0,1227.0,1041.0,1025.0,1142.0,1075.0
Goa,0,0.0,0.0,0.0,0.0,0.0,0.0,0.0,0.0,0.0,0.0,0.0,0.0,0.0,0.0,0.0,0.0,0.0,0.0,0.0,0.0,0.0,0.0,0.0,0.0,0.0,0.0,0.0,0.0,0.0,0.0,0.0,0.0,0.0,0.0,0.0,0.0,0.0,0.0,0.0,0.0,0.0,0.0,0.0,0.0,0.0,0.0,0.0,0.0,0.0,0.0,0.0,0.0,0.0,3.0,0.0,0.0,0.0,2.0,0.0,0.0,0.0,0.0,1.0,1.0,0.0,0.0,0.0,0.0,0.0,0.0,0.0,0.0,0.0,0.0,0.0,0.0,0.0,0.0,0.0,0.0,0.0,0.0,0.0,0.0,0.0,0.0,0.0,0.0,0.0,0.0,0.0,0.0,0.0,0.0,0.0,0.0,0.0,0.0,0.0,0.0,0.0,0.0,0.0,8.0,0.0,5.0,9.0,9.0,8.0,4.0,2.0,2.0,1.0,11.0,1.0,0.0,1.0,1.0,0.0,1.0,1.0,2.0,6.0,47.0,40.0,40.0,61.0,33.0,30.0,29.0,28.0,30.0,46.0,60.0,41.0,28.0,37.0,27.0,49.0,20.0,29.0,64.0,46.0,45.0,42.0,44.0,44.0,89.0,70.0,53.0,64.0,72.0,95.0,94.0,108.0,77.0,52.0,90.0,136.0,112.0,100.0,117.0,85.0,130.0,170.0,198.0,157.0,196.0,180.0,173.0,196.0,174.0,149.0,174.0,190.0,146.0,175.0
Gujarat,0,0.0,0.0,0.0,0.0,0.0,0.0,0.0,0.0,0.0,0.0,0.0,0.0,0.0,0.0,0.0,0.0,0.0,0.0,0.0,0.0,0.0,0.0,0.0,0.0,0.0,0.0,0.0,0.0,0.0,0.0,0.0,0.0,0.0,0.0,0.0,0.0,0.0,0.0,0.0,0.0,0.0,0.0,0.0,0.0,0.0,0.0,0.0,2.0,5.0,7.0,4.0,12.0,4.0,4.0,5.0,4.0,8.0,8.0,7.0,4.0,13.0,1.0,7.0,13.0,20.0,18.0,29.0,11.0,76.0,116.0,90.0,48.0,56.0,78.0,116.0,163.0,170.0,277.0,367.0,196.0,239.0,229.0,217.0,191.0,256.0,230.0,247.0,226.0,308.0,313.0,326.0,333.0,374.0,376.0,441.0,380.0,388.0,390.0,394.0,398.0,347.0,362.0,364.0,324.0,340.0,1057.0,391.0,366.0,395.0,398.0,371.0,363.0,396.0,394.0,405.0,361.0,376.0,367.0,372.0,412.0,438.0,423.0,415.0,485.0,492.0,492.0,516.0,480.0,477.0,470.0,510.0,513.0,495.0,517.0,511.0,514.0,524.0,520.0,510.0,540.0,539.0,580.0,563.0,549.0,572.0,577.0,580.0,615.0,624.0,626.0,620.0,675.0,681.0,687.0,712.0,725.0,735.0,778.0,783.0,861.0,875.0,872.0,879.0,902.0,915.0,925.0,919.0,949.0,960.0,965.0,998.0,1026.0,1020.0,1078.0,1068.0,1081.0,1110.0
Haryana,0,0.0,0.0,0.0,0.0,0.0,0.0,0.0,0.0,0.0,0.0,0.0,0.0,0.0,0.0,0.0,0.0,0.0,0.0,0.0,0.0,0.0,0.0,0.0,0.0,0.0,0.0,0.0,0.0,0.0,0.0,0.0,0.0,14.0,0.0,0.0,0.0,0.0,0.0,0.0,0.0,0.0,0.0,0.0,0.0,0.0,1.0,1.0,1.0,2.0,2.0,0.0,7.0,2.0,1.0,1.0,1.0,2.0,0.0,1.0,7.0,0.0,6.0,9.0,26.0,6.0,20.0,33.0,24.0,3.0,6.0,3.0,16.0,1.0,2.0,6.0,11.0,8.0,9.0,18.0,1.0,4.0,9.0,6.0,5.0,12.0,9.0,5.0,7.0,3.0,28.0,18.0,19.0,66.0,75.0,31.0,46.0,31.0,22.0,28.0,28.0,27.0,50.0,13.0,25.0,36.0,33.0,23.0,18.0,36.0,29.0,37.0,37.0,64.0,53.0,29.0,92.0,76.0,123.0,217.0,202.0,168.0,265.0,296.0,302.0,327.0,327.0,344.0,496.0,406.0,355.0,370.0,389.0,366.0,415.0,459.0,514.0,550.0,560.0,386.0,525.0,480.0,412.0,390.0,495.0,490.0,453.0,421.0,543.0,402.0,381.0,338.0,393.0,568.0,494.0,545.0,457.0,499.0,495.0,691.0,674.0,570.0,648.0,658.0,689.0,699.0,678.0,696.0,795.0,750.0,617.0,694.0,604.0,724.0,789.0,780.0,783.0,794.0
Himachal Pradesh,0,0.0,0.0,0.0,0.0,0.0,0.0,0.0,0.0,0.0,0.0,0.0,0.0,0.0,0.0,0.0,0.0,0.0,0.0,0.0,0.0,0.0,0.0,0.0,0.0,0.0,0.0,0.0,0.0,0.0,0.0,0.0,0.0,0.0,0.0,0.0,0.0,0.0,0.0,0.0,0.0,0.0,0.0,0.0,0.0,0.0,0.0,0.0,0.0,2.0,0.0,0.0,1.0,0.0,0.0,0.0,0.0,0.0,0.0,0.0,0.0,0.0,3.0,0.0,7.0,1.0,4.0,9.0,0.0,1.0,0.0,4.0,0.0,0.0,1.0,2.0,0.0,3.0,1.0,0.0,0.0,0.0,0.0,1.0,0.0,0.0,0.0,0.0,0.0,0.0,0.0,0.0,0.0,0.0,1.0,1.0,1.0,3.0,4.0,2.0,6.0,1.0,8.0,1.0,6.0,2.0,2.0,2.0,10.0,2.0,18.0,42.0,16.0,17.0,18.0,20.0,24.0,26.0,8.0,14.0,18.0,17.0,10.0,5.0,14.0,24.0,24.0,-7.0,11.0,10.0,16.0,14.0,19.0,16.0,16.0,16.0,38.0,4.0,25.0,10.0,32.0,29.0,17.0,54.0,48.0,31.0,33.0,25.0,30.0,22.0,26.0,11.0,26.0,35.0,19.0,13.0,20.0,11.0,6.0,18.0,39.0,31.0,11.0,31.0,30.0,66.0,32.0,36.0,40.0,40.0,64.0,110.0,33.0,61.0,109.0,120.0,95.0,127.0
Jammu and Kashmir,0,0.0,0.0,0.0,0.0,0.0,0.0,0.0,0.0,0.0,0.0,0.0,0.0,0.0,0.0,0.0,0.0,0.0,0.0,0.0,0.0,0.0,0.0,0.0,0.0,0.0,0.0,0.0,0.0,0.0,0.0,0.0,0.0,0.0,0.0,0.0,0.0,0.0,0.0,0.0,0.0,0.0,0.0,2.0,0.0,1.0,0.0,1.0,0.0,0.0,0.0,0.0,0.0,2.0,5.0,3.0,6.0,13.0,5.0,11.0,6.0,7.0,8.0,5.0,17.0,14.0,3.0,16.0,33.0,26.0,23.0,17.0,21.0,25.0,8.0,22.0,14.0,14.0,13.0,13.0,14.0,12.0,27.0,27.0,20.0,40.0,29.0,23.0,19.0,16.0,33.0,25.0,27.0,35.0,25.0,15.0,34.0,18.0,30.0,13.0,25.0,18.0,55.0,37.0,12.0,30.0,108.0,62.0,106.0,28.0,73.0,59.0,40.0,80.0,52.0,47.0,91.0,162.0,115.0,128.0,177.0,105.0,155.0,117.0,139.0,285.0,285.0,40.0,620.0,198.0,61.0,161.0,67.0,156.0,148.0,163.0,179.0,78.0,108.0,149.0,125.0,154.0,122.0,132.0,148.0,186.0,127.0,213.0,204.0,127.0,144.0,260.0,198.0,154.0,170.0,227.0,183.0,246.0,256.0,330.0,240.0,387.0,268.0,357.0,314.0,346.0,493.0,490.0,601.0,441.0,701.0,751.0,608.0,453.0,718.0,353.0,523.0,615.0
Jharkhand,0,0.0,0.0,0.0,0.0,0.0,0.0,0.0,0.0,0.0,0.0,0.0,0.0,0.0,0.0,0.0,0.0,0.0,0.0,0.0,0.0,0.0,0.0,0.0,0.0,0.0,0.0,0.0,0.0,0.0,0.0,0.0,0.0,0.0,0.0,0.0,0.0,0.0,0.0,0.0,0.0,0.0,0.0,0.0,0.0,0.0,0.0,0.0,0.0,0.0,0.0,0.0,0.0,0.0,0.0,0.0,0.0,0.0,0.0,0.0,1.0,0.0,1.0,0.0,0.0,1.0,1.0,0.0,0.0,9.0,1.0,3.0,2.0,5.0,3.0,1.0,1.0,3.0,1.0,8.0,5.0,0.0,0.0,7.0,6.0,8.0,15.0,21.0,2.0,2.0,3.0,3.0,2.0,0.0,0.0,10.0,2.0,5.0,22.0,2.0,1.0,4.0,11.0,5.0,26.0,8.0,6.0,6.0,5.0,20.0,42.0,13.0,20.0,27.0,20.0,35.0,21.0,7.0,6.0,82.0,73.0,16.0,51.0,61.0,42.0,63.0,63.0,138.0,75.0,187.0,126.0,135.0,48.0,57.0,55.0,37.0,45.0,46.0,56.0,24.0,42.0,63.0,65.0,51.0,53.0,26.0,42.0,33.0,45.0,25.0,62.0,64.0,35.0,60.0,112.0,42.0,68.0,47.0,164.0,116.0,134.0,250.0,145.0,97.0,203.0,262.0,337.0,221.0,313.0,289.0,167.0,47.0,596.0,487.0,484.0,398.0,277.0,508.0
Karnataka,0,0.0,0.0,0.0,0.0,0.0,0.0,0.0,0.0,0.0,0.0,0.0,0.0,0.0,0.0,0.0,0.0,0.0,0.0,0.0,0.0,0.0,0.0,0.0,0.0,0.0,0.0,0.0,0.0,0.0,0.0,0.0,0.0,0.0,0.0,0.0,0.0,0.0,1.0,3.0,0.0,2.0,0.0,0.0,0.0,1.0,2.0,5.0,1.0,0.0,5.0,6.0,7.0,8.0,10.0,4.0,9.0,17.0,2.0,5.0,13.0,9.0,14.0,4.0,16.0,7.0,12.0,12.0,6.0,16.0,10.0,8.0,17.0,15.0,13.0,19.0,36.0,44.0,25.0,6.0,18.0,10.0,9.0,18.0,29.0,26.0,3.0,9.0,11.0,12.0,30.0,24.0,12.0,13.0,37.0,22.0,20.0,12.0,48.0,41.0,54.0,14.0,63.0,34.0,28.0,69.0,36.0,55.0,99.0,149.0,67.0,143.0,138.0,216.0,130.0,93.0,101.0,135.0,115.0,248.0,141.0,299.0,187.0,388.0,267.0,257.0,257.0,636.0,239.0,308.0,161.0,120.0,204.0,271.0,308.0,176.0,213.0,317.0,204.0,210.0,337.0,416.0,453.0,249.0,322.0,397.0,442.0,445.0,918.0,1267.0,1105.0,947.0,1272.0,1502.0,1694.0,1839.0,1925.0,1843.0,1498.0,2062.0,2228.0,2313.0,2798.0,2627.0,2738.0,2496.0,3176.0,4169.0,3693.0,4537.0,4120.0,3648.0,3649.0,4764.0,5030.0,5007.0,5072.0,5199.0
Kerala,1,0.0,1.0,1.0,0.0,0.0,0.0,0.0,0.0,0.0,0.0,0.0,0.0,0.0,0.0,0.0,0.0,0.0,0.0,0.0,0.0,0.0,0.0,0.0,0.0,0.0,0.0,0.0,0.0,0.0,0.0,0.0,0.0,0.0,0.0,0.0,0.0,5.0,1.0,8.0,0.0,2.0,3.0,0.0,2.0,3.0,0.0,0.0,1.0,12.0,12.0,15.0,28.0,14.0,9.0,19.0,39.0,6.0,20.0,32.0,7.0,24.0,21.0,9.0,11.0,8.0,13.0,9.0,9.0,12.0,7.0,10.0,2.0,3.0,8.0,1.0,7.0,1.0,4.0,2.0,6.0,19.0,11.0,10.0,3.0,7.0,11.0,13.0,4.0,10.0,2.0,0.0,2.0,0.0,0.0,3.0,0.0,0.0,1.0,2.0,7.0,7.0,5.0,10.0,26.0,16.0,11.0,14.0,29.0,12.0,24.0,24.0,42.0,62.0,53.0,49.0,67.0,40.0,85.0,62.0,58.0,61.0,57.0,86.0,82.0,94.0,94.0,125.0,107.0,91.0,91.0,65.0,83.0,78.0,85.0,54.0,82.0,79.0,75.0,97.0,118.0,127.0,133.0,138.0,141.0,152.0,123.0,150.0,195.0,118.0,122.0,131.0,151.0,160.0,211.0,240.0,225.0,193.0,272.0,301.0,339.0,416.0,488.0,435.0,449.0,608.0,623.0,722.0,791.0,593.0,821.0,794.0,720.0,1038.0,1078.0,885.0,1103.0,927.0
Ladakh,0,0.0,0.0,0.0,0.0,0.0,0.0,0.0,0.0,0.0,0.0,0.0,0.0,0.0,0.0,0.0,0.0,0.0,0.0,0.0,0.0,0.0,0.0,0.0,0.0,0.0,0.0,0.0,0.0,0.0,0.0,0.0,0.0,0.0,0.0,0.0,0.0,0.0,0.0,0.0,0.0,0.0,0.0,0.0,0.0,0.0,0.0,8.0,0.0,2.0,3.0,0.0,0.0,0.0,0.0,0.0,0.0,0.0,0.0,0.0,0.0,0.0,0.0,1.0,0.0,0.0,0.0,0.0,0.0,0.0,1.0,0.0,0.0,2.0,0.0,1.0,0.0,0.0,0.0,0.0,0.0,0.0,0.0,0.0,0.0,2.0,0.0,0.0,2.0,0.0,0.0,0.0,1.0,19.0,0.0,0.0,0.0,0.0,0.0,0.0,0.0,0.0,0.0,1.0,0.0,0.0,0.0,0.0,0.0,0.0,1.0,0.0,2.0,3.0,3.0,1.0,0.0,1.0,20.0,0.0,3.0,0.0,0.0,4.0,9.0,4.0,4.0,1.0,4.0,0.0,5.0,7.0,20.0,104.0,198.0,112.0,6.0,94.0,38.0,0.0,57.0,92.0,1.0,10.0,85.0,0.0,0.0,14.0,14.0,3.0,1.0,9.0,17.0,1.0,11.0,3.0,0.0,0.0,36.0,6.0,8.0,9.0,13.0,9.0,7.0,35.0,14.0,5.0,4.0,8.0,19.0,17.0,3.0,8.0,4.0,36.0,30.0,9.0
Lakshadweep,0,0.0,0.0,0.0,0.0,0.0,0.0,0.0,0.0,0.0,0.0,0.0,0.0,0.0,0.0,0.0,0.0,0.0,0.0,0.0,0.0,0.0,0.0,0.0,0.0,0.0,0.0,0.0,0.0,0.0,0.0,0.0,0.0,0.0,0.0,0.0,0.0,0.0,0.0,0.0,0.0,0.0,0.0,0.0,0.0,0.0,0.0,0.0,0.0,0.0,0.0,0.0,0.0,0.0,0.0,0.0,0.0,0.0,0.0,0.0,0.0,0.0,0.0,0.0,0.0,0.0,0.0,0.0,0.0,0.0,0.0,0.0,0.0,0.0,0.0,0.0,0.0,0.0,0.0,0.0,0.0,0.0,0.0,0.0,0.0,0.0,0.0,0.0,0.0,0.0,0.0,0.0,0.0,0.0,0.0,0.0,0.0,0.0,0.0,0.0,0.0,0.0,0.0,0.0,0.0,0.0,0.0,0.0,0.0,0.0,0.0,0.0,0.0,0.0,0.0,0.0,0.0,0.0,0.0,0.0,0.0,0.0,0.0,0.0,0.0,0.0,0.0,0.0,0.0,0.0,0.0,0.0,0.0,0.0,0.0,0.0,0.0,0.0,0.0,0.0,0.0,0.0,0.0,0.0,0.0,0.0,0.0,0.0,0.0,0.0,0.0,0.0,0.0,0.0,0.0,0.0,0.0,0.0,0.0,0.0,0.0,0.0,0.0,0.0,0.0,0.0,0.0,0.0,0.0,0.0,0.0,0.0,0.0,0.0,0.0,0.0,0.0,0.0
Madhya Pradesh,0,0.0,0.0,0.0,0.0,0.0,0.0,0.0,0.0,0.0,0.0,0.0,0.0,0.0,0.0,0.0,0.0,0.0,0.0,0.0,0.0,0.0,0.0,0.0,0.0,0.0,0.0,0.0,0.0,0.0,0.0,0.0,0.0,0.0,0.0,0.0,0.0,0.0,0.0,0.0,0.0,0.0,0.0,0.0,0.0,0.0,0.0,0.0,0.0,4.0,0.0,2.0,0.0,1.0,8.0,5.0,9.0,10.0,0.0,8.0,19.0,32.0,9.0,47.0,25.0,14.0,63.0,34.0,51.0,70.0,40.0,78.0,33.0,52.0,127.0,197.0,226.0,146.0,92.0,5.0,78.0,67.0,35.0,100.0,159.0,99.0,145.0,75.0,222.0,173.0,65.0,90.0,73.0,49.0,105.0,107.0,89.0,114.0,89.0,116.0,157.0,171.0,201.0,187.0,253.0,169.0,195.0,187.0,259.0,229.0,270.0,246.0,189.0,201.0,294.0,194.0,165.0,237.0,192.0,192.0,246.0,198.0,194.0,137.0,168.0,174.0,174.0,292.0,173.0,237.0,211.0,200.0,192.0,202.0,198.0,161.0,133.0,148.0,161.0,182.0,156.0,142.0,179.0,175.0,183.0,187.0,147.0,203.0,167.0,221.0,184.0,223.0,268.0,245.0,191.0,307.0,326.0,354.0,343.0,409.0,305.0,316.0,544.0,431.0,575.0,798.0,638.0,735.0,704.0,681.0,837.0,710.0,785.0,747.0,632.0,736.0,716.0,874.0
Maharashtra,0,0.0,0.0,0.0,0.0,0.0,0.0,0.0,0.0,0.0,0.0,0.0,0.0,0.0,0.0,0.0,0.0,0.0,0.0,0.0,0.0,0.0,0.0,0.0,0.0,0.0,0.0,0.0,0.0,0.0,0.0,0.0,0.0,0.0,0.0,0.0,0.0,0.0,2.0,3.0,6.0,0.0,6.0,14.0,1.0,6.0,3.0,3.0,4.0,4.0,12.0,10.0,23.0,10.0,15.0,3.0,31.0,30.0,17.0,17.0,82.0,33.0,88.0,64.0,148.0,112.0,121.0,150.0,117.0,229.0,210.0,187.0,221.0,352.0,346.0,236.0,285.0,120.0,327.0,552.0,466.0,552.0,431.0,778.0,390.0,811.0,440.0,522.0,728.0,597.0,583.0,1008.0,790.0,678.0,1567.0,984.0,1233.0,1216.0,1089.0,1165.0,1943.0,1230.0,1026.0,1495.0,1602.0,1576.0,1606.0,2347.0,2005.0,2078.0,2161.0,2345.0,2940.0,2608.0,3041.0,2436.0,2091.0,2190.0,2598.0,2682.0,2940.0,2487.0,2358.0,2287.0,2560.0,2933.0,2933.0,2242.0,3007.0,2554.0,2258.0,3254.0,3607.0,3493.0,3427.0,3390.0,2786.0,2701.0,3307.0,3752.0,3827.0,3874.0,3870.0,3721.0,3214.0,3889.0,4842.0,5024.0,6368.0,5493.0,5257.0,4878.0,5537.0,6328.0,6364.0,7074.0,6555.0,5368.0,5134.0,6603.0,6875.0,7862.0,8139.0,7827.0,6497.0,6741.0,7975.0,8641.0,8308.0,8348.0,9518.0,8240.0,8336.0,10576.0,9895.0,9615.0,9251.0,9431.0
Manipur,0,0.0,0.0,0.0,0.0,0.0,0.0,0.0,0.0,0.0,0.0,0.0,0.0,0.0,0.0,0.0,0.0,0.0,0.0,0.0,0.0,0.0,0.0,0.0,0.0,0.0,0.0,0.0,0.0,0.0,0.0,0.0,0.0,0.0,0.0,0.0,0.0,0.0,0.0,0.0,0.0,0.0,0.0,0.0,0.0,0.0,0.0,0.0,0.0,0.0,0.0,0.0,0.0,1.0,0.0,0.0,0.0,0.0,0.0,0.0,0.0,0.0,1.0,0.0,0.0,0.0,0.0,0.0,0.0,0.0,0.0,0.0,0.0,0.0,0.0,0.0,0.0,0.0,0.0,0.0,0.0,0.0,0.0,0.0,0.0,0.0,0.0,0.0,0.0,0.0,0.0,0.0,0.0,0.0,0.0,0.0,0.0,0.0,0.0,0.0,0.0,0.0,0.0,0.0,1.0,0.0,4.0,0.0,0.0,2.0,16.0,0.0,1.0,3.0,3.0,4.0,3.0,5.0,11.0,4.0,1.0,11.0,12.0,6.0,19.0,16.0,16.0,17.0,15.0,100.0,32.0,7.0,55.0,19.0,64.0,9.0,32.0,10.0,52.0,54.0,75.0,96.0,64.0,57.0,23.0,49.0,86.0,19.0,17.0,93.0,42.0,7.0,26.0,19.0,37.0,9.0,41.0,24.0,40.0,5.0,15.0,132.0,11.0,16.0,17.0,46.0,28.0,64.0,36.0,91.0,20.0,14.0,90.0,45.0,55.0,31.0,30.0,59.0
Meghalaya,0,0.0,0.0,0.0,0.0,0.0,0.0,0.0,0.0,0.0,0.0,0.0,0.0,0.0,0.0,0.0,0.0,0.0,0.0,0.0,0.0,0.0,0.0,0.0,0.0,0.0,0.0,0.0,0.0,0.0,0.0,0.0,0.0,0.0,0.0,0.0,0.0,0.0,0.0,0.0,0.0,0.0,0.0,0.0,0.0,0.0,0.0,0.0,0.0,0.0,0.0,0.0,0.0,0.0,0.0,0.0,0.0,0.0,0.0,0.0,0.0,0.0,0.0,0.0,0.0,0.0,0.0,0.0,0.0,0.0,0.0,0.0,0.0,1.0,0.0,6.0,2.0,0.0,2.0,0.0,0.0,1.0,0.0,0.0,0.0,0.0,0.0,0.0,0.0,0.0,0.0,0.0,0.0,0.0,0.0,0.0,0.0,0.0,0.0,1.0,0.0,0.0,0.0,0.0,0.0,0.0,0.0,0.0,0.0,0.0,1.0,0.0,0.0,0.0,0.0,1.0,5.0,0.0,1.0,6.0,0.0,0.0,1.0,2.0,3.0,0.0,0.0,0.0,3.0,3.0,4.0,1.0,0.0,0.0,0.0,0.0,0.0,0.0,-1.0,0.0,0.0,0.0,0.0,2.0,1.0,0.0,0.0,2.0,0.0,2.0,1.0,2.0,2.0,3.0,4.0,8.0,2.0,16.0,6.0,6.0,13.0,73.0,76.0,33.0,21.0,2.0,19.0,40.0,26.0,15.0,32.0,19.0,21.0,24.0,20.0,54.0,58.0,56.0
Mizoram,0,0.0,0.0,0.0,0.0,0.0,0.0,0.0,0.0,0.0,0.0,0.0,0.0,0.0,0.0,0.0,0.0,0.0,0.0,0.0,0.0,0.0,0.0,0.0,0.0,0.0,0.0,0.0,0.0,0.0,0.0,0.0,0.0,0.0,0.0,0.0,0.0,0.0,0.0,0.0,0.0,0.0,0.0,0.0,0.0,0.0,0.0,0.0,0.0,0.0,0.0,0.0,0.0,0.0,1.0,0.0,0.0,0.0,0.0,0.0,0.0,0.0,0.0,0.0,0.0,0.0,0.0,0.0,0.0,0.0,0.0,0.0,0.0,0.0,0.0,0.0,0.0,0.0,0.0,0.0,0.0,0.0,0.0,0.0,0.0,0.0,0.0,0.0,0.0,0.0,0.0,0.0,0.0,0.0,0.0,0.0,0.0,0.0,0.0,0.0,0.0,0.0,0.0,0.0,0.0,0.0,0.0,0.0,0.0,0.0,0.0,0.0,0.0,0.0,0.0,0.0,0.0,0.0,0.0,0.0,0.0,0.0,0.0,12.0,1.0,3.0,3.0,4.0,10.0,8.0,46.0,5.0,9.0,2.0,3.0,5.0,5.0,4.0,0.0,9.0,0.0,10.0,1.0,1.0,0.0,3.0,0.0,2.0,3.0,1.0,0.0,9.0,0.0,2.0,0.0,2.0,22.0,11.0,1.0,5.0,0.0,23.0,2.0,3.0,2.0,5.0,0.0,34.0,10.0,2.0,0.0,0.0,33.0,0.0,9.0,6.0,29.0,0.0
Nagaland,0,0.0,0.0,0.0,0.0,0.0,0.0,0.0,0.0,0.0,0.0,0.0,0.0,0.0,0.0,0.0,0.0,0.0,0.0,0.0,0.0,0.0,0.0,0.0,0.0,0.0,0.0,0.0,0.0,0.0,0.0,0.0,0.0,0.0,0.0,0.0,0.0,0.0,0.0,0.0,0.0,0.0,0.0,0.0,0.0,0.0,0.0,0.0,0.0,0.0,0.0,0.0,0.0,0.0,0.0,0.0,0.0,0.0,0.0,0.0,0.0,0.0,0.0,0.0,0.0,0.0,0.0,0.0,0.0,0.0,0.0,0.0,0.0,0.0,0.0,0.0,0.0,0.0,0.0,0.0,0.0,0.0,0.0,0.0,0.0,0.0,0.0,0.0,0.0,0.0,0.0,0.0,0.0,0.0,0.0,0.0,0.0,0.0,0.0,0.0,0.0,0.0,0.0,0.0,0.0,0.0,0.0,0.0,0.0,0.0,0.0,0.0,0.0,0.0,0.0,3.0,1.0,5.0,9.0,7.0,11.0,7.0,0.0,6.0,9.0,22.0,22.0,5.0,11.0,4.0,5.0,1.0,2.0,34.0,-1.0,5.0,9.0,2.0,14.0,0.0,5.0,3.0,10.0,69.0,50.0,17.0,8.0,16.0,16.0,28.0,36.0,8.0,42.0,34.0,4.0,24.0,15.0,47.0,19.0,13.0,16.0,59.0,16.0,26.0,71.0,51.0,6.0,14.0,40.0,22.0,10.0,33.0,9.0,54.0,90.0,65.0,50.0,50.0
Odisha,0,0.0,0.0,0.0,0.0,0.0,0.0,0.0,0.0,0.0,0.0,0.0,0.0,0.0,0.0,0.0,0.0,0.0,0.0,0.0,0.0,0.0,0.0,0.0,0.0,0.0,0.0,0.0,0.0,0.0,0.0,0.0,0.0,0.0,0.0,0.0,0.0,0.0,0.0,0.0,0.0,0.0,0.0,0.0,0.0,1.0,0.0,1.0,0.0,0.0,0.0,0.0,0.0,0.0,0.0,1.0,0.0,0.0,0.0,0.0,1.0,1.0,0.0,15.0,1.0,18.0,1.0,2.0,0.0,6.0,2.0,4.0,0.0,1.0,5.0,0.0,0.0,0.0,1.0,0.0,13.0,5.0,4.0,6.0,5.0,6.0,3.0,15.0,0.0,7.0,18.0,11.0,6.0,2.0,7.0,8.0,28.0,14.0,51.0,82.0,25.0,38.0,22.0,101.0,134.0,65.0,0.0,91.0,48.0,102.0,74.0,51.0,86.0,80.0,67.0,102.0,79.0,76.0,67.0,63.0,96.0,129.0,156.0,141.0,143.0,90.0,90.0,213.0,75.0,138.0,146.0,110.0,136.0,112.0,225.0,186.0,146.0,108.0,175.0,174.0,165.0,179.0,304.0,143.0,167.0,282.0,210.0,218.0,170.0,264.0,245.0,206.0,251.0,229.0,561.0,495.0,469.0,456.0,571.0,527.0,577.0,755.0,570.0,595.0,616.0,543.0,618.0,494.0,718.0,591.0,736.0,673.0,647.0,1078.0,1264.0,1594.0,1320.0,1376.0
Puducherry,0,0.0,0.0,0.0,0.0,0.0,0.0,0.0,0.0,0.0,0.0,0.0,0.0,0.0,0.0,0.0,0.0,0.0,0.0,0.0,0.0,0.0,0.0,0.0,0.0,0.0,0.0,0.0,0.0,0.0,0.0,0.0,0.0,0.0,0.0,0.0,0.0,0.0,0.0,0.0,0.0,0.0,0.0,0.0,0.0,1.0,0.0,0.0,0.0,0.0,0.0,0.0,0.0,0.0,0.0,0.0,0.0,0.0,0.0,0.0,0.0,2.0,2.0,0.0,0.0,0.0,0.0,0.0,0.0,0.0,2.0,0.0,0.0,0.0,0.0,0.0,0.0,0.0,0.0,0.0,0.0,0.0,0.0,0.0,0.0,1.0,0.0,0.0,0.0,0.0,0.0,0.0,1.0,0.0,0.0,0.0,0.0,0.0,1.0,0.0,2.0,0.0,0.0,1.0,3.0,0.0,1.0,0.0,0.0,5.0,1.0,0.0,3.0,0.0,15.0,8.0,0.0,0.0,4.0,4.0,0.0,13.0,9.0,0.0,9.0,2.0,18.0,-1.0,12.0,9.0,4.0,12.0,13.0,6.0,13.0,18.0,8.0,14.0,29.0,26.0,16.0,51.0,28.0,17.0,19.0,59.0,41.0,32.0,85.0,29.0,42.0,24.0,25.0,63.0,22.0,80.0,42.0,65.0,32.0,108.0,51.0,72.0,64.0,82.0,50.0,63.0,65.0,147.0,89.0,58.0,109.0,93.0,87.0,121.0,121.0,94.0,139.0,133.0
Punjab,0,0.0,0.0,0.0,0.0,0.0,0.0,0.0,0.0,0.0,0.0,0.0,0.0,0.0,0.0,0.0,0.0,0.0,0.0,0.0,0.0,0.0,0.0,0.0,0.0,0.0,0.0,0.0,0.0,0.0,0.0,0.0,0.0,0.0,0.0,0.0,0.0,0.0,1.0,0.0,0.0,0.0,0.0,0.0,0.0,0.0,0.0,1.0,0.0,1.0,10.0,8.0,2.0,6.0,2.0,2.0,5.0,0.0,0.0,3.0,1.0,4.0,1.0,6.0,12.0,3.0,11.0,20.0,7.0,24.0,21.0,7.0,12.0,6.0,8.0,2.0,11.0,14.0,23.0,10.0,1.0,6.0,27.0,5.0,15.0,10.0,14.0,8.0,12.0,33.0,105.0,105.0,187.0,330.0,130.0,219.0,75.0,118.0,87.0,31.0,61.0,54.0,37.0,10.0,11.0,-3.0,14.0,18.0,16.0,22.0,3.0,23.0,1.0,16.0,15.0,21.0,25.0,33.0,19.0,39.0,36.0,30.0,38.0,41.0,34.0,39.0,39.0,61.0,93.0,55.0,56.0,86.0,82.0,99.0,77.0,77.0,127.0,104.0,126.0,118.0,217.0,120.0,122.0,161.0,162.0,230.0,142.0,188.0,99.0,160.0,202.0,150.0,100.0,116.0,153.0,172.0,174.0,208.0,258.0,158.0,233.0,217.0,230.0,234.0,357.0,333.0,288.0,295.0,348.0,350.0,308.0,410.0,379.0,412.0,438.0,477.0,468.0,534.0
Rajasthan,0,0.0,0.0,0.0,0.0,0.0,0.0,0.0,0.0,0.0,0.0,0.0,0.0,0.0,0.0,0.0,0.0,0.0,0.0,0.0,0.0,0.0,0.0,0.0,0.0,0.0,0.0,0.0,0.0,0.0,0.0,0.0,1.0,1.0,0.0,0.0,0.0,0.0,0.0,1.0,0.0,0.0,0.0,0.0,1.0,0.0,0.0,3.0,2.0,8.0,7.0,4.0,4.0,0.0,6.0,2.0,10.0,4.0,5.0,20.0,14.0,27.0,13.0,46.0,27.0,60.0,35.0,42.0,40.0,80.0,98.0,139.0,104.0,93.0,108.0,71.0,55.0,98.0,122.0,127.0,98.0,159.0,153.0,76.0,70.0,49.0,102.0,77.0,102.0,76.0,144.0,82.0,106.0,114.0,175.0,97.0,159.0,110.0,152.0,129.0,106.0,174.0,138.0,202.0,206.0,213.0,213.0,242.0,305.0,338.0,170.0,212.0,267.0,248.0,286.0,272.0,236.0,280.0,251.0,298.0,252.0,214.0,269.0,273.0,279.0,210.0,210.0,265.0,262.0,277.0,369.0,355.0,238.0,230.0,333.0,293.0,287.0,235.0,326.0,315.0,299.0,381.0,393.0,302.0,395.0,382.0,287.0,364.0,284.0,327.0,389.0,348.0,304.0,350.0,390.0,480.0,632.0,524.0,716.0,659.0,500.0,611.0,574.0,644.0,544.0,635.0,866.0,737.0,615.0,711.0,934.0,956.0,983.0,961.0,886.0,958.0,1120.0,1132.0
Sikkim,0,0.0,0.0,0.0,0.0,0.0,0.0,0.0,0.0,0.0,0.0,0.0,0.0,0.0,0.0,0.0,0.0,0.0,0.0,0.0,0.0,0.0,0.0,0.0,0.0,0.0,0.0,0.0,0.0,0.0,0.0,0.0,0.0,0.0,0.0,0.0,0.0,0.0,0.0,0.0,0.0,0.0,0.0,0.0,0.0,0.0,0.0,0.0,0.0,0.0,0.0,0.0,0.0,0.0,0.0,0.0,0.0,0.0,0.0,0.0,0.0,0.0,0.0,0.0,0.0,0.0,0.0,0.0,0.0,0.0,0.0,0.0,0.0,0.0,0.0,0.0,0.0,0.0,0.0,0.0,0.0,0.0,0.0,0.0,0.0,0.0,0.0,0.0,0.0,0.0,0.0,0.0,0.0,0.0,0.0,0.0,0.0,0.0,0.0,0.0,0.0,0.0,0.0,0.0,0.0,0.0,0.0,0.0,0.0,0.0,0.0,0.0,0.0,1.0,0.0,0.0,0.0,0.0,0.0,0.0,0.0,0.0,0.0,0.0,1.0,0.0,0.0,5.0,0.0,0.0,6.0,0.0,0.0,50.0,0.0,5.0,0.0,4.0,-2.0,0.0,0.0,0.0,8.0,0.0,0.0,5.0,2.0,2.0,0.0,1.0,0.0,0.0,0.0,13.0,1.0,1.0,22.0,0.0,2.0,6.0,1.0,0.0,26.0,4.0,2.0,45.0,11.0,13.0,32.0,19.0,10.0,0.0,47.0,108.0,22.0,17.0,22.0,46.0
Tamil Nadu,0,0.0,0.0,0.0,0.0,0.0,0.0,0.0,0.0,0.0,0.0,0.0,0.0,0.0,0.0,0.0,0.0,0.0,0.0,0.0,0.0,0.0,0.0,0.0,0.0,0.0,0.0,0.0,0.0,0.0,0.0,0.0,0.0,0.0,0.0,0.0,1.0,0.0,0.0,0.0,0.0,0.0,0.0,0.0,0.0,0.0,0.0,1.0,1.0,0.0,3.0,3.0,3.0,6.0,8.0,3.0,9.0,4.0,8.0,17.0,57.0,110.0,75.0,102.0,74.0,86.0,50.0,69.0,48.0,96.0,77.0,58.0,106.0,98.0,31.0,38.0,25.0,56.0,49.0,105.0,43.0,76.0,33.0,54.0,72.0,66.0,64.0,52.0,121.0,104.0,161.0,203.0,231.0,266.0,527.0,508.0,771.0,580.0,600.0,526.0,669.0,798.0,716.0,509.0,447.0,434.0,477.0,639.0,536.0,688.0,743.0,776.0,786.0,759.0,765.0,805.0,646.0,817.0,827.0,874.0,938.0,1149.0,1162.0,1091.0,1286.0,1384.0,1384.0,1532.0,1495.0,1562.0,1685.0,1927.0,1875.0,1982.0,1989.0,1974.0,1843.0,1515.0,2174.0,2141.0,2115.0,2396.0,2532.0,2710.0,2516.0,2865.0,3509.0,3645.0,3713.0,3940.0,3949.0,3943.0,3882.0,4343.0,4329.0,4280.0,4150.0,3827.0,3616.0,3756.0,4231.0,3680.0,3965.0,4244.0,4328.0,4526.0,4496.0,4549.0,4538.0,4807.0,4979.0,4985.0,4965.0,5849.0,6472.0,6785.0,6988.0,6986.0
Telangana,0,0.0,0.0,0.0,0.0,0.0,0.0,0.0,0.0,0.0,0.0,0.0,0.0,0.0,0.0,0.0,0.0,0.0,0.0,0.0,0.0,0.0,0.0,0.0,0.0,0.0,0.0,0.0,0.0,0.0,0.0,1.0,0.0,0.0,0.0,0.0,0.0,0.0,0.0,0.0,0.0,0.0,0.0,0.0,2.0,1.0,1.0,8.0,3.0,3.0,2.0,6.0,6.0,4.0,4.0,3.0,15.0,8.0,3.0,7.0,20.0,30.0,27.0,75.0,43.0,62.0,30.0,40.0,49.0,18.0,16.0,16.0,28.0,61.0,52.0,6.0,50.0,66.0,43.0,49.0,14.0,56.0,15.0,27.0,13.0,7.0,11.0,2.0,6.0,7.0,22.0,6.0,17.0,21.0,3.0,11.0,11.0,15.0,10.0,31.0,33.0,79.0,51.0,41.0,47.0,40.0,55.0,42.0,41.0,42.0,27.0,38.0,62.0,52.0,41.0,66.0,112.0,107.0,117.0,169.0,74.0,199.0,94.0,99.0,129.0,127.0,127.0,222.0,154.0,92.0,178.0,191.0,209.0,164.0,253.0,237.0,219.0,213.0,269.0,352.0,499.0,546.0,730.0,872.0,879.0,891.0,920.0,985.0,1087.0,983.0,975.0,945.0,1018.0,1213.0,1892.0,1850.0,1590.0,1831.0,1879.0,1924.0,1410.0,1278.0,1178.0,1269.0,1550.0,1524.0,1597.0,1676.0,1478.0,1284.0,1296.0,1198.0,1430.0,1555.0,1567.0,1640.0,0.0,1593.0
Tripura,0,0.0,0.0,0.0,0.0,0.0,0.0,0.0,0.0,0.0,0.0,0.0,0.0,0.0,0.0,0.0,0.0,0.0,0.0,0.0,0.0,0.0,0.0,0.0,0.0,0.0,0.0,0.0,0.0,0.0,0.0,0.0,0.0,0.0,0.0,0.0,0.0,0.0,0.0,0.0,0.0,0.0,0.0,0.0,0.0,0.0,0.0,0.0,0.0,0.0,0.0,0.0,0.0,0.0,0.0,0.0,0.0,0.0,0.0,0.0,0.0,0.0,0.0,0.0,0.0,0.0,1.0,0.0,0.0,0.0,1.0,0.0,0.0,0.0,0.0,0.0,0.0,0.0,0.0,0.0,0.0,0.0,0.0,0.0,0.0,0.0,0.0,0.0,0.0,0.0,0.0,0.0,2.0,12.0,13.0,13.0,22.0,24.0,30.0,17.0,16.0,0.0,2.0,1.0,1.0,0.0,11.0,-2.0,0.0,8.0,0.0,2.0,0.0,16.0,3.0,4.0,34.0,10.0,2.0,10.0,17.0,45.0,107.0,48.0,103.0,73.0,24.0,79.0,53.0,38.0,26.0,31.0,18.0,48.0,83.0,33.0,10.0,1.0,43.0,21.0,27.0,8.0,35.0,16.0,23.0,0.0,32.0,36.0,8.0,12.0,34.0,8.0,8.0,39.0,93.0,25.0,22.0,112.0,24.0,57.0,16.0,142.0,31.0,105.0,26.0,90.0,98.0,98.0,118.0,171.0,223.0,0.0,456.0,124.0,206.0,106.0,99.0,37.0
Uttar Pradesh,0,0.0,0.0,0.0,0.0,0.0,0.0,0.0,0.0,0.0,0.0,0.0,0.0,0.0,0.0,0.0,0.0,0.0,0.0,0.0,0.0,0.0,0.0,0.0,0.0,0.0,0.0,0.0,0.0,0.0,0.0,0.0,0.0,7.0,1.0,0.0,0.0,0.0,2.0,0.0,0.0,2.0,0.0,0.0,1.0,0.0,2.0,2.0,3.0,4.0,4.0,2.0,2.0,3.0,3.0,4.0,7.0,16.0,7.0,24.0,8.0,13.0,11.0,46.0,60.0,44.0,27.0,27.0,29.0,49.0,23.0,19.0,31.0,75.0,102.0,75.0,70.0,44.0,126.0,125.0,84.0,153.0,112.0,61.0,111.0,172.0,80.0,113.0,67.0,81.0,77.0,117.0,159.0,158.0,121.0,114.0,118.0,73.0,143.0,159.0,94.0,106.0,91.0,94.0,144.0,155.0,201.0,206.0,141.0,321.0,249.0,340.0,220.0,282.0,251.0,229.0,227.0,267.0,179.0,275.0,256.0,374.0,286.0,368.0,141.0,367.0,367.0,499.0,433.0,411.0,388.0,275.0,478.0,528.0,502.0,497.0,476.0,507.0,583.0,604.0,809.0,541.0,596.0,591.0,571.0,664.0,636.0,750.0,606.0,598.0,681.0,664.0,564.0,769.0,972.0,757.0,1153.0,929.0,1332.0,1188.0,1206.0,1338.0,1392.0,1384.0,1654.0,1594.0,1659.0,2058.0,1722.0,1873.0,2211.0,1913.0,2128.0,2300.0,2516.0,2667.0,2971.0,3246.0
Uttarakhand,0,0.0,0.0,0.0,0.0,0.0,0.0,0.0,0.0,0.0,0.0,0.0,0.0,0.0,0.0,0.0,0.0,0.0,0.0,0.0,0.0,0.0,0.0,0.0,0.0,0.0,0.0,0.0,0.0,0.0,0.0,0.0,0.0,0.0,0.0,0.0,0.0,0.0,0.0,0.0,0.0,0.0,0.0,0.0,0.0,1.0,0.0,1.0,1.0,0.0,0.0,0.0,1.0,0.0,1.0,0.0,0.0,1.0,1.0,0.0,0.0,0.0,3.0,6.0,6.0,4.0,5.0,0.0,4.0,0.0,0.0,0.0,0.0,0.0,2.0,0.0,0.0,3.0,2.0,2.0,2.0,0.0,0.0,1.0,1.0,0.0,3.0,0.0,3.0,1.0,2.0,0.0,2.0,1.0,0.0,1.0,0.0,0.0,2.0,4.0,1.0,0.0,1.0,3.0,6.0,4.0,9.0,1.0,4.0,15.0,15.0,19.0,8.0,91.0,73.0,32.0,51.0,69.0,31.0,216.0,33.0,158.0,52.0,84.0,42.0,68.0,68.0,82.0,52.0,56.0,126.0,25.0,93.0,69.0,61.0,34.0,26.0,97.0,81.0,80.0,74.0,124.0,43.0,58.0,133.0,88.0,68.0,34.0,66.0,32.0,8.0,50.0,66.0,37.0,64.0,45.0,31.0,37.0,69.0,28.0,47.0,68.0,44.0,120.0,71.0,78.0,99.0,197.0,120.0,174.0,239.0,127.0,207.0,451.0,145.0,272.0,244.0,143.0
West Bengal,0,0.0,0.0,0.0,0.0,0.0,0.0,0.0,0.0,0.0,0.0,0.0,0.0,0.0,0.0,0.0,0.0,0.0,0.0,0.0,0.0,0.0,0.0,0.0,0.0,0.0,0.0,0.0,0.0,0.0,0.0,0.0,0.0,0.0,0.0,0.0,0.0,0.0,0.0,0.0,0.0,0.0,0.0,0.0,0.0,0.0,1.0,0.0,0.0,1.0,2.0,3.0,0.0,2.0,0.0,1.0,5.0,3.0,3.0,1.0,15.0,0.0,16.0,0.0,0.0,27.0,0.0,11.0,8.0,4.0,13.0,10.0,8.0,18.0,38.0,23.0,18.0,24.0,32.0,23.0,29.0,53.0,31.0,33.0,58.0,57.0,40.0,38.0,48.0,28.0,33.0,37.0,127.0,276.0,61.0,85.0,112.0,92.0,130.0,108.0,153.0,124.0,110.0,117.0,87.0,84.0,115.0,101.0,147.0,137.0,142.0,94.0,135.0,127.0,208.0,149.0,193.0,183.0,344.0,277.0,317.0,371.0,271.0,396.0,340.0,368.0,368.0,494.0,449.0,426.0,372.0,343.0,440.0,476.0,454.0,389.0,407.0,415.0,391.0,435.0,355.0,441.0,414.0,413.0,370.0,445.0,475.0,542.0,521.0,572.0,624.0,652.0,611.0,649.0,669.0,743.0,895.0,861.0,850.0,986.0,1088.0,1198.0,1344.0,1560.0,1435.0,1390.0,1589.0,1690.0,1894.0,2198.0,2278.0,2282.0,2261.0,2291.0,2436.0,2216.0,2404.0,2341.0
Unassigned State,0,0.0,0.0,0.0,0.0,0.0,0.0,0.0,0.0,0.0,0.0,0.0,0.0,0.0,0.0,0.0,0.0,0.0,0.0,0.0,0.0,0.0,0.0,0.0,0.0,0.0,0.0,0.0,0.0,0.0,0.0,0.0,0.0,0.0,0.0,0.0,0.0,0.0,0.0,0.0,0.0,0.0,0.0,0.0,0.0,0.0,0.0,0.0,0.0,0.0,0.0,0.0,0.0,0.0,0.0,0.0,0.0,0.0,0.0,0.0,0.0,0.0,0.0,0.0,0.0,0.0,0.0,0.0,0.0,0.0,0.0,0.0,0.0,0.0,0.0,0.0,0.0,0.0,0.0,0.0,0.0,0.0,0.0,0.0,0.0,0.0,0.0,0.0,0.0,0.0,0.0,0.0,0.0,0.0,0.0,0.0,0.0,0.0,0.0,0.0,0.0,0.0,0.0,0.0,0.0,0.0,0.0,0.0,0.0,814.0,282.0,307.0,217.0,279.0,439.0,304.0,328.0,1043.0,319.0,341.0,370.0,448.0,139.0,784.0,709.0,360.0,360.0,349.0,418.0,-773.0,874.0,516.0,-296.0,-616.0,-331.0,-548.0,-464.0,712.0,589.0,430.0,224.0,338.0,-138.0,-1295.0,183.0,126.0,352.0,-370.0,-100.0,-184.0,-554.0,-281.0,-89.0,-83.0,-801.0,-1032.0,-370.0,284.0,121.0,-16.0,-633.0,-224.0,-745.0,-392.0,-666.0,-179.0,-655.0,-239.0,-1122.0,0.0,-163.0,0.0,0.0,0.0,0.0,0.0,0.0,0.0
Total,1,0.0,1.0,1.0,0.0,0.0,0.0,0.0,0.0,0.0,0.0,0.0,0.0,0.0,0.0,0.0,0.0,0.0,0.0,0.0,0.0,0.0,0.0,0.0,0.0,0.0,0.0,0.0,0.0,0.0,0.0,2.0,1.0,22.0,2.0,1.0,1.0,5.0,8.0,15.0,7.0,8.0,10.0,16.0,7.0,15.0,11.0,37.0,27.0,58.0,78.0,67.0,102.0,64.0,90.0,65.0,164.0,143.0,110.0,187.0,309.0,424.0,486.0,560.0,579.0,609.0,484.0,573.0,565.0,813.0,871.0,854.0,758.0,1243.0,1031.0,886.0,1061.0,922.0,1371.0,1580.0,1239.0,1537.0,1292.0,1667.0,1409.0,1835.0,1607.0,1569.0,1902.0,1703.0,1803.0,2381.0,2567.0,2952.0,3653.0,2986.0,3602.0,3344.0,3339.0,3175.0,4311.0,3592.0,3562.0,3726.0,3991.0,3787.0,4793.0,5048.0,4628.0,6175.0,5543.0,6196.0,6536.0,6663.0,7113.0,6416.0,5843.0,7310.0,7254.0,8134.0,8370.0,8763.0,7748.0,8821.0,9634.0,9889.0,9856.0,10053.0,10864.0,8534.0,8759.0,12376.0,11128.0,11317.0,12030.0,11380.0,10064.0,11090.0,13103.0,13827.0,14638.0,15901.0,15157.0,13558.0,15665.0,16872.0,18185.0,18276.0,20133.0,19618.0,18339.0,18256.0,19428.0,21948.0,22721.0,24015.0,23932.0,22510.0,23135.0,25571.0,25792.0,27762.0,27762.0,29101.0,28178.0,29917.0,32607.0,35468.0,34452.0,37775.0,40243.0,35244.0,40750.0,45579.0,48446.0,48892.0,48472.0,50525.0
